{
  "state": {
    "isStdOutTTY": false,
    "isStdErrTTY": false,
    "testRunDurationMs": 36067.785669
  },
  "metrics": {
    "vus_max": {
      "type": "gauge",
      "contains": "default",
      "values": {
        "value": 2,
        "min": 2,
        "max": 2
      }
    },
    "data_sent": {
      "type": "counter",
      "contains": "data",
      "values": {
        "count": 133912,
        "rate": 3712.786840559951
      }
    },
    "iterations": {
      "type": "counter",
      "contains": "default",
      "values": {
        "count": 145,
        "rate": 4.020207986447764
      }
    },
    "http_req_duration{expected_response:true}": {
      "type": "trend",
      "contains": "time",
      "values": {
        "p(95)": 372.27246699999984,
        "p(99)": 465.00977962999997,
        "max": 524.103875,
        "avg": 110.4479755419847,
        "min": 65.657959,
        "med": 84.0070835,
        "p(90)": 132.90513400000003
      }
    },
    "http_reqs": {
      "type": "counter",
      "contains": "default",
      "values": {
        "count": 262,
        "rate": 7.2640999479263035
      }
    },
    "http_req_waiting": {
      "type": "trend",
      "contains": "time",
      "values": {
        "med": 83.766542,
        "p(90)": 132.51176220000002,
        "p(95)": 371.98031284999985,
        "p(99)": 464.61605562,
        "max": 521.805333,
        "avg": 110.1379464732824,
        "min": 65.426917
      }
    },
    "data_received": {
      "type": "counter",
      "contains": "data",
      "values": {
        "count": 10981019,
        "rate": 304455.03643541125
      }
    },
    "group_duration": {
      "type": "trend",
      "contains": "time",
      "values": {
        "avg": 196.50922824827583,
        "min": 68.639667,
        "med": 131.711916,
        "p(90)": 284.52721740000004,
        "p(95)": 471.38544179999997,
        "p(99)": 948.36754404,
        "max": 1310.191042
      }
    },
    "http_req_receiving": {
      "contains": "time",
      "values": {
        "min": 0.09575,
        "med": 0.2508335,
        "p(90)": 0.3866792,
        "p(95)": 0.4605643,
        "p(99)": 0.8339001299999993,
        "max": 2.230917,
        "avg": 0.28465056488549645
      },
      "type": "trend"
    },
    "http_req_tls_handshaking": {
      "type": "trend",
      "contains": "time",
      "values": {
        "avg": 0,
        "min": 0,
        "med": 0,
        "p(90)": 0,
        "p(95)": 0,
        "p(99)": 0,
        "max": 0
      }
    },
    "vus": {
      "type": "gauge",
      "contains": "default",
      "values": {
        "value": 1,
        "min": 1,
        "max": 2
      }
    },
    "http_req_duration": {
      "type": "trend",
      "contains": "time",
      "values": {
        "avg": 110.4479755419847,
        "min": 65.657959,
        "med": 84.0070835,
        "p(90)": 132.90513400000003,
        "p(95)": 372.27246699999984,
        "p(99)": 465.00977962999997,
        "max": 524.103875
      },
      "thresholds": {
        "p(95)<1000": {
          "ok": true
        }
      }
    },
    "http_req_blocked": {
      "type": "trend",
      "contains": "time",
      "values": {
        "p(99)": 1.1310287499999994,
        "max": 3.873708,
        "avg": 0.040385194656488585,
        "min": 0.001875,
        "med": 0.0051455,
        "p(90)": 0.0150714,
        "p(95)": 0.01784374999999999
      }
    },
    "http_req_connecting": {
      "values": {
        "avg": 0.020866568702290075,
        "min": 0,
        "med": 0,
        "p(90)": 0,
        "p(95)": 0,
        "p(99)": 0.9095990099999998,
        "max": 1.628541
      },
      "type": "trend",
      "contains": "time"
    },
    "http_req_sending": {
      "type": "trend",
      "contains": "time",
      "values": {
        "p(95)": 0.0663333,
        "p(99)": 0.1335172399999999,
        "max": 0.1805,
        "avg": 0.02537850381679389,
        "min": 0.007292,
        "med": 0.0177295,
        "p(90)": 0.053004100000000005
      }
    },
    "checks": {
      "type": "rate",
      "contains": "default",
      "values": {
        "rate": 1,
        "passes": 781,
        "fails": 0
      }
    },
    "recommendation_feed_first_page_duration": {
      "type": "trend",
      "contains": "time",
      "values": {
        "p(95)": 137.3351664,
        "p(99)": 477.23609548,
        "max": 524.103875,
        "avg": 114.06126586206895,
        "min": 68.189916,
        "med": 99.734917,
        "p(90)": 133.879784
      }
    },
    "http_req_failed": {
      "contains": "default",
      "values": {
        "fails": 262,
        "rate": 0,
        "passes": 0
      },
      "thresholds": {
        "rate<0.01": {
          "ok": true
        }
      },
      "type": "rate"
    },
    "recommendation_feed_failed": {
      "type": "rate",
      "contains": "default",
      "values": {
        "rate": 0,
        "passes": 0,
        "fails": 257
      },
      "thresholds": {
        "rate<0.01": {
          "ok": true
        }
      }
    },
    "recommendation_feed_cursor_page_duration": {
      "type": "trend",
      "contains": "time",
      "values": {
        "p(99)": 417.60693836999997,
        "max": 430.807,
        "avg": 105.22183742857146,
        "min": 65.657959,
        "med": 75.916896,
        "p(90)": 96.6512,
        "p(95)": 391.1137957999999
      }
    },
    "iteration_duration": {
      "type": "trend",
      "contains": "time",
      "values": {
        "avg": 399.83864384137956,
        "min": 272.458417,
        "med": 333.154167,
        "p(90)": 485.9057166,
        "p(95)": 679.0539257999999,
        "p(99)": 1151.4641669999999,
        "max": 1518.919042
      }
    }
  },
  "setup_data": {
    "tokens_redacted": 5
  },
  "root_group": {
    "name": "",
    "path": "",
    "id": "d41d8cd98f00b204e9800998ecf8427e",
    "groups": [
      {
        "name": "setup",
        "path": "::setup",
        "id": "5c0f8025f7e0b6654089e5b00e950f1a",
        "groups": [],
        "checks": [
            {
              "name": "login status is 200",
              "path": "::setup::login status is 200",
              "id": "bb27b460b057923f4a083e3603c038b9",
              "passes": 5,
              "fails": 0
            },
            {
              "name": "login has access token",
              "path": "::setup::login has access token",
              "id": "9f124db60fabdee70b1e1f13323c7364",
              "passes": 5,
              "fails": 0
            }
          ]
      },
      {
        "name": "recommendation feed first page",
        "path": "::recommendation feed first page",
        "id": "79bdfd6375d779485460447d37106a78",
        "groups": [],
        "checks": [
            {
              "fails": 0,
              "name": "feed status is 200",
              "path": "::recommendation feed first page::feed status is 200",
              "id": "e3cab7e5849fd86735a652fe60f4ffff",
              "passes": 257
            },
            {
              "id": "add607e21ef4f02b47ce6dd6f47a1b87",
              "passes": 257,
              "fails": 0,
              "name": "feed response success",
              "path": "::recommendation feed first page::feed response success"
            },
            {
              "passes": 257,
              "fails": 0,
              "name": "feed content is array",
              "path": "::recommendation feed first page::feed content is array",
              "id": "427584735e8e77b59161fd777aca2b46"
            }
          ]
      }
    ],
    "checks": []
  },
  "options": {
    "noColor": false,
    "summaryTrendStats": [
      "avg",
      "min",
      "med",
      "p(90)",
      "p(95)",
      "p(99)",
      "max"
    ],
    "summaryTimeUnit": ""
  }
}